{"method": "qwz23", "n_runs": 1, "name": "qwz23_bermuda", "runs": [{"decision": {"alterations": {"TA": -1.0}, "cost": 1.0, "diagnostics": {"candidate": ["TA"], "candidate_diagnostics": [{"candidate": ["DIC"], "feasible_intervals": [], "had_feasible_interval": false, "info_gain_grid": [0.0007924512016755751, 0.0006677292904139487, 0.0005570160192131125, 0.0004592698780342408, 0.00037352395554528933, 0.0002988821240374525, 0.0002345150824111051, 0.00017965630810175444, 0.00013359797277669866, 9.568687994456274e-05, 6.532048473602454e-05, 4.1943056344889706e-05, 2.5042041376675817e-05, 1.4144681100048545e-05, 8.814927106833362e-06, 8.650688230560019e-06, 1.3281427272042803e-05, 2.2366110060465308e-05, 3.559149290259002e-05, 5.2670719007946384e-05, 7.334218144790759e-05, 9.736860080987019e-05, 0.00012453626071251642, 0.0001546543439741345, 0.0001875543161611419, 0.00022308931070033795, 0.000261133479612455, 0.00030158128501254003, 0.0003443467176409351, 0.000389362438880627, 0.00043657885128113236], "selected_information_gain": 0.0007924512016755751, "selected_interval": [-1.0, 1.0], "success_grid": [0.0025086417881354057, 0.0023357854616883706, 0.0021779153581593476, 0.0020340038152468027, 0.001903085692477306, 0.0017842564257170017, 0.0016766699667250533, 0.0015795366317862642, 0.0014921208819160445, 0.0014137390555252205, 0.0013437570727890538, 0.0012815881293009221, 0.001226690394934967, 0.0011785647321991277, 0.0011367524467578163, 0.0011008330812454967, 0.0010704222619986048, 0.00104516960690391, 0.0010247567012152128, 0.0010088951469220213, 0.0009973246900760735, 0.0009898114293931948, 0.0009861461084508805, 0.0009861424928957105, 0.0009896358332626698, 0.0009964814132784978, 0.0010065531828844882, 0.0010197424746540657, 0.0010359568018020182, 0.0010551187355757516, 0.0010771648594820236], "success_probability_bound": {"delta": 0.05, "p_hat": 0.0025086417881354057, "p_high": 1.0, "p_low": 0.0}, "value_grid": [-1.0, -0.9333333333333333, -0.8666666666666667, -0.8, -0.7333333333333334, -0.6666666666666667, -0.6, -0.5333333333333333, -0.4666666666666667, -0.4, -0.33333333333333337, -0.2666666666666667, -0.19999999999999996, -0.1333333333333333, -0.06666666666666665, 0.0, 0.06666666666666665, 0.1333333333333333, 0.19999999999999996, 0.2666666666666666, 0.33333333333333326, 0.3999999999999999, 0.46666666666666656, 0.5333333333333332, 0.6000000000000001, 0.6666666666666667, 0.7333333333333334, 0.8, 0.8666666666666667, 0.9333333333333333, 1.0]}, {"candidate": ["TA"], "feasible_intervals": [], "had_feasible_interval": false, "info_gain_grid": [0.005045551505130308, 0.004021702319895626, 0.0031261885813124723, 0.0023671097555736376, 0.0017438938336044596, 0.0012487475522333924, 0.0008684974111178023, 0.0005866075464352472, 0.00038514718991736197, 0.00024650137330342603, 0.00015467312608883482, 9.610309477462581e-05, 6.001548100287302e-05, 3.836842078383182e-05, 2.5528691880103913e-05, 1.7800585938873917e-05, 1.2921898077129096e-05, 9.607135189809886e-06, 7.181220896967152e-06, 5.315454671541396e-06, 3.856057863631528e-06, 2.7248864316018503e-06, 1.8696281009872556e-06, 1.243786233122283e-06, 8.019640788825165e-07, 5.012644835518138e-07, 3.038751425480968e-07, 1.7877796227341227e-07, 1.021459498997065e-07, 5.671763962070824e-08, 3.062671315686393e-08], "selected_information_gain": 0.005045551505130308, "selected_interval": [-1.0, 1.0], "success_grid": [0.21568303714444667, 0.1740743824697935, 0.13790614634578727, 0.10719539656594018, 0.08172410184311135, 0.06108947427201373, 0.044761805777531326, 0.0321423666791769, 0.022615274250624137, 0.01558922365603969, 0.01052714034085391, 0.006963761857345838, 0.004512620225714211, 0.0028647609149793367, 0.0017818275257942182, 0.0010859836144150685, 0.0006486994488411059, 0.0003798641002883407, 0.0002181214164918566, 0.00012285498236016176, 6.789965251844758e-05, 3.683777281774751e-05, 1.9626957405038947e-05, 1.0273953880942287e-05, 5.286186854340052e-06, 2.6746182236192517e-06, 1.3313209296095254e-06, 6.521985673746401e-07, 3.1456382905877456e-07, 1.4941743916215464e-07, 6.991344236872977e-08], "success_probability_bound": {"delta": 0.05, "p_hat": 0.21568303714444667, "p_high": 1.0, "p_low": 0.0}, "value_grid": [-1.0, -0.9333333333333333, -0.8666666666666667, -0.8, -0.7333333333333334, -0.6666666666666667, -0.6, -0.5333333333333333, -0.4666666666666667, -0.4, -0.33333333333333337, -0.2666666666666667, -0.19999999999999996, -0.1333333333333333, -0.06666666666666665, 0.0, 0.06666666666666665, 0.1333333333333333, 0.19999999999999996, 0.2666666666666666, 0.33333333333333326, 0.3999999999999999, 0.46666666666666656, 0.5333333333333332, 0.6000000000000001, 0.6666666666666667, 0.7333333333333334, 0.8, 0.8666666666666667, 0.9333333333333333, 1.0]}, {"candidate": ["Omega"], "feasible_intervals": [[-1.0, -0.5333333333333333]], "had_feasible_interval": true, "info_gain_grid": [0.0002107928413720428, 0.00018808357860466973, 0.00014326777012568792, 8.226323358423437e-05, 3.44873186119421e-05, 2.3590640861159695e-05, 3.6201264026369806e-05, 5.40979263270458e-05, 7.024937965449674e-05, 8.272029204392517e-05, 9.041642277274331e-05, 9.229066257088192e-05, 8.778418382354714e-05, 7.739780191823309e-05, 6.287432266971482e-05, 4.6797871450510176e-05, 3.177159846107225e-05, 1.961365569221052e-05, 1.0990326829427022e-05, 5.585891810189723e-06, 2.575282876071845e-06, 1.0774921286535195e-06, 4.0940254449073083e-07, 1.4136683640426809e-07, 4.439254694280168e-08, 1.268592153282011e-08, 3.3009806195247593e-09, 7.825442298433445e-10, 1.6909625914365264e-10, 3.332070882410372e-11, 5.9900138936075305e-12], "selected_information_gain": 0.0002107928413720428, "selected_interval": [-1.0, -0.5333333333333333], "success_grid": [0.6468771357849796, 0.7407803293973036, 0.8093328931520459, 0.8463825886618817, 0.8488398986312334, 0.8165028892091216, 0.7520406864873377, 0.6611732644907498, 0.5525916781350415, 0.4370802182231895, 0.3257343783502139, 0.22779419948279583, 0.1489515221431307, 0.09079206275729726, 0.05145731009356784, 0.027060179741294196, 0.013181051629932165, 0.005938706531086562, 0.0024720279202469406, 0.0009497775183422801, 0.00033655639909631796, 0.00010992114518413681, 3.30720135493697e-05, 9.162299068924778e-06, 2.3364365536552674e-06, 5.482487761554466e-07, 1.1834953143422904e-07, 2.3497978858995815e-08, 4.290374962708418e-09, 7.202772452548819e-10, 1.1117160895561068e-10], "success_probability_bound": {"delta": 0.05, "p_hat": 0.6468771357849796, "p_high": 1.0, "p_low": 0.0}, "value_grid": [-1.0, -0.9333333333333333, -0.8666666666666667, -0.8, -0.7333333333333334, -0.6666666666666667, -0.6, -0.5333333333333333, -0.4666666666666667, -0.4, -0.33333333333333337, -0.2666666666666667, -0.19999999999999996, -0.1333333333333333, -0.06666666666666665, 0.0, 0.06666666666666665, 0.1333333333333333, 0.19999999999999996, 0.2666666666666666, 0.33333333333333326, 0.3999999999999999, 0.46666666666666656, 0.5333333333333332, 0.6000000000000001, 0.6666666666666667, 0.7333333333333334, 0.8, 0.8666666666666667, 0.9333333333333333, 1.0]}, {"candidate": ["Chla"], "feasible_intervals": [], "had_feasible_interval": false, "info_gain_grid": [1.205711062183222e-05, 1.205711062183222e-05, 1.205711062183222e-05, 1.205711062183222e-05, 1.205711062183222e-05, 1.205711062183222e-05, 1.205711062183222e-05, 1.205711062183222e-05, 1.205711062183222e-05, 1.205711062183222e-05, 1.205711062183222e-05, 1.205711062183222e-05, 1.205711062183222e-05, 1.205711062183222e-05, 1.205711062183222e-05, 1.205711062183222e-05, 1.205711062183222e-05, 1.205711062183222e-05, 1.205711062183222e-05, 1.205711062183222e-05, 1.205711062183222e-05, 1.205711062183222e-05, 1.205711062183222e-05, 1.205711062183222e-05, 1.205711062183222e-05, 1.205711062183222e-05, 1.205711062183222e-05, 1.205711062183222e-05, 1.205711062183222e-05, 1.205711062183222e-05, 1.205711062183222e-05], "selected_information_gain": 1.205711062183222e-05, "selected_interval": [-1.0, 1.0],