{"method": "qwz23", "n_runs": 1, "name": "qwz23_bermuda", "runs": [{"decision": {"alterations": {"TA": -1.0}, "cost": 1.0, "diagnostics": {"candidate": ["TA"], "candidate_diagnostics": [{"candidate": ["DIC"], "feasible_intervals": [], "had_feasible_interval": false, "info_gain_grid": [0.00046727277877244705, 0.0004136490286322063, 0.00036356240862649505, 0.00031696275870189694, 0.00027380685332803814, 0.00023405823587883783, 0.00019768703357444378, 0.00016466975408183614, 0.00013498906537612668, 0.00010863356100139845, 8.559751341668739e-05, 6.588061864554358e-05, 4.9487735954036396e-05, 3.642862672573709e-05, 2.671769706898662e-05, 2.037374895192713e-05, 1.7419744789099606e-05, 1.7882590394332695e-05, 2.1792941041752847e-05, 2.9185035047988098e-05, 4.009655879857327e-05, 5.456854650920037e-05, 7.264531725627472e-05, 9.437445095158287e-05, 0.00011980680402400544, 0.00014899656462280877, 0.00018200134622772292, 0.00021888231767150552, 0.0002597043667829906, 0.00030453629417644124, 0.00035345103316488], "selected_information_gain": 0.00046727277877244705, "selected_interval": [-1.0, 1.0], "success_grid": [0.002519318693480451, 0.002452912140554542, 0.0023904430510467796, 0.002331829883774543, 0.0022769960475905737, 0.002225869902918713, 0.0021783847631147717, 0.0021344788957733396, 0.002094095524097117, 0.0020571828284327394, 0.0020236939480679696, 0.0019935869833770017, 0.001966824998389183, 0.0019433760238466067, 0.00192321306080571, 0.0019063140848266102, 0.001892662050785125, 0.001882244898328519, 0.0018750555579878, 0.0018710919579455663, 0.001870357031449721, 0.0018728587248496764, 0.001878610006221804, 0.0018876288745389713, 0.0018999383693268186, 0.0019155665807401767, 0.0019345466599785535, 0.0019569168299514352, 0.00198272039609058, 0.00201200575719727, 0.002044826416200093], "success_probability_bound": {"delta": 0.05, "p_hat": 0.002519318693480451, "p_high": 1.0, "p_low": 0.0}, "value_grid": [-1.0, -0.9333333333333333, -0.8666666666666667, -0.8, -0.7333333333333334, -0.6666666666666667, -0.6, -0.5333333333333333, -0.4666666666666667, -0.4, -0.33333333333333337, -0.2666666666666667, -0.19999999999999996, -0.1333333333333333, -0.06666666666666665, 0.0, 0.06666666666666665, 0.1333333333333333, 0.19999999999999996, 0.2666666666666666, 0.33333333333333326, 0.3999999999999999, 0.46666666666666656, 0.5333333333333332, 0.6000000000000001, 0.6666666666666667, 0.7333333333333334, 0.8, 0.8666666666666667, 0.9333333333333333, 1.0]}, {"candidate": ["TA"], "feasible_intervals": [], "had_feasible_interval": false, "info_gain_grid": [0.004789845945869953, 0.0037074883589913177, 0.0027938561010112384, 0.002045764252566362, 0.0014525723749490571, 0.0009980493718677597, 0.0006624183467506539, 0.0004243765010987499, 0.0002628975498474573, 0.00015866435313981186, 9.504142888829697e-05, 5.856877230379226e-05, 3.902536226960823e-05, 2.9159985794321996e-05, 2.4211106671860258e-05, 2.1336044654421057e-05, 1.9048446175925007e-05, 1.6731021491292117e-05, 1.4257050248841704e-05, 1.1726161390072844e-05, 9.30092729159145e-06, 7.121264259579837e-06, 5.271741738262063e-06, 3.779979072883726e-06, 2.62971466486058e-06, 1.7778599543620267e-06, 1.1696992903366708e-06, 7.498807443303478e-07, 4.6897256263852337e-07, 2.8640858036125587e-07, 1.7096663714152028e-07], "selected_information_gain": 0.004789845945869953, "selected_interval": [-1.0, 1.0], "success_grid": [0.16784270785671052, 0.13577028434938038, 0.10812351157900307, 0.08474908275178564, 0.06536651760583773, 0.04960287249833442, 0.0370283738981468, 0.027189640178713264, 0.019638006071640034, 0.013951468755196468, 0.009749760195490361, 0.00670288087086209, 0.004534023687942257, 0.0030181487089011028, 0.0019775615478329995, 0.0012757544436578507, 0.0008105559629894752, 0.0005073680270197278, 0.0003130002288159369, 0.00019037683799344451, 0.00011420986951882206, 6.760631571543312e-05, 3.950359429707081e-05, 2.27937777864673e-05, 1.299210515851949e-05, 7.3175161615091095e-06, 4.073678749438869e-06, 2.2420454621197017e-06, 1.2201352832345396e-06, 6.566347801791513e-07, 3.494732222127558e-07], "success_probability_bound": {"delta": 0.05, "p_hat": 0.16784270785671052, "p_high": 1.0, "p_low": 0.0}, "value_grid": [-1.0, -0.9333333333333333, -0.8666666666666667, -0.8, -0.7333333333333334, -0.6666666666666667, -0.6, -0.5333333333333333, -0.4666666666666667, -0.4, -0.33333333333333337, -0.2666666666666667, -0.19999999999999996, -0.1333333333333333, -0.06666666666666665, 0.0, 0.06666666666666665, 0.1333333333333333, 0.19999999999999996, 0.2666666666666666, 0.33333333333333326, 0.3999999999999999, 0.46666666666666656, 0.5333333333333332, 0.6000000000000001, 0.6666666666666667, 0.7333333333333334, 0.8, 0.8666666666666667, 0.9333333333333333, 1.0]}, {"candidate": ["Omega"], "feasible_intervals": [[-1.0, -0.5333333333333333]], "had_feasible_interval": true, "info_gain_grid": [0.0006514960183103824, 0.0006471903685374425, 0.0006009397925623161, 0.00048790873742027285, 0.00032097091981508896, 0.00017479175554480086, 8.769935178298827e-05, 4.8456462753532215e-05, 4.4259494398457555e-05, 6.716410812368512e-05, 0.00010710948902314943, 0.00014982125489759746, 0.0001801734485179507, 0.00018779364746973615, 0.00017109050592101216, 0.00013704443675877087, 9.690664869083793e-05, 6.069226318883986e-05, 3.376989044348924e-05, 1.6742974630916917e-05, 7.41774893563466e-06, 2.9442899806001377e-06, 1.0494737286898036e-06, 3.3661924385568784e-07, 9.733493506007676e-08, 2.5412999574705966e-08, 5.999576010546379e-09, 1.282393757719855e-09, 2.4846571296903514e-10, 4.3683826351707396e-11, 6.976077932796263e-12], "selected_information_gain": 0.0006514960183103824, "selected_interval": [-1.0, -0.5333333333333333], "success_grid": [0.6456532358727021, 0.741639590630252, 0.8109654395606676, 0.8471275758969263, 0.8469703930624628, 0.8104904114216396, 0.7408481040454923, 0.6445776555641513, 0.5314173589372746, 0.413159887654314, 0.30150889766143013, 0.20566464768285203, 0.13065694360600982, 0.07707612542679332, 0.04211802805967296, 0.02127825018864723, 0.009923394876437341, 0.0042670025935439004, 0.0016901368205684926, 0.0006162359667588972, 0.000206709222898005, 6.37641325345421e-05, 1.808231601931517e-05, 4.712808991428712e-06, 1.128657455477337e-06, 2.4832683533556243e-07, 5.0187563975049684e-08, 9.315726523517755e-09, 1.5879089709791574e-09, 2.485216292017849e-10, 3.570875077111661e-11], "success_probability_bound": {"delta": 0.05, "p_hat": 0.6456532358727021, "p_high": 1.0, "p_low": 0.0}, "value_grid": [-1.0, -0.9333333333333333, -0.8666666666666667, -0.8, -0.7333333333333334, -0.6666666666666667, -0.6, -0.5333333333333333, -0.4666666666666667, -0.4, -0.33333333333333337, -0.2666666666666667, -0.19999999999999996, -0.1333333333333333, -0.06666666666666665, 0.0, 0.06666666666666665, 0.1333333333333333, 0.19999999999999996, 0.2666666666666666, 0.33333333333333326, 0.3999999999999999, 0.46666666666666656, 0.5333333333333332, 0.6000000000000001, 0.6666666666666667, 0.7333333333333334, 0.8, 0.8666666666666667, 0.9333333333333333, 1.0]}, {"candidate": ["Chla"], "feasible_intervals": [], "had_feasible_interval": false, "info_gain_grid": [2.0661763042426062e-05, 2.0661763042426062e-05, 2.0661763042426062e-05, 2.0661763042426062e-05, 2.0661763042426062e-05, 2.0661763042426062e-05, 2.0661763042426062e-05, 2.0661763042426062e-05, 2.0661763042426062e-05, 2.0661763042426062e-05, 2.0661763042426062e-05, 2.0661763042426062e-05, 2.0661763042426062e-05, 2.0661763042426062e-05, 2.0661763042426062e-05, 2.0661763042426062e-05, 2.0661763042426062e-05, 2.0661763042426062e-05, 2.0661763042426062e-05, 2.0661763042426062e-05, 2.0661763042426062e-05, 2.0661763042426062e-05, 2.0661763042426062e-05, 2.0661763042426062e-05, 2.0661763042426062e-05, 2.0661763042426062e-05, 2.0661763042426062e-05, 2.0661763042426062e-05, 2.0661763042426062e-05, 2.0661763042426062e-05, 2.0661763042426062e-05], "selected_information_gain": 2.0661763042426062e-05, "selected_interval": [-1.0, 1.0],